,fit_time_1fold,fit_time_2fold,score_time_1fold,score_time_2fold,test_accuracy_1fold,test_accuracy_2fold,train_accuracy_1fold,train_accuracy_2fold,test_roc_auc_1fold,test_roc_auc_2fold,train_roc_auc_1fold,train_roc_auc_2fold,test_recall_1fold,test_recall_2fold,train_recall_1fold,train_recall_2fold,test_precision_1fold,test_precision_2fold,train_precision_1fold,train_precision_2fold,test_f1_1fold,test_f1_2fold,train_f1_1fold,train_f1_2fold
catboostclassifier,807.009289264679,808.1188201904297,1.2513675689697266,1.200850486755371,0.924,0.924,1.0,1.0,0.9033063006862133,0.8538496768612285,1.0,1.0,0.09523809523809523,0.11627906976744186,1.0,1.0,1.0,1.0,1.0,1.0,0.17391304347826084,0.20833333333333334,1.0,1.0
lgbmclassifier,44.23847246170044,44.39810872077942,0.5304450988769531,0.3911917209625244,0.914,0.924,1.0,1.0,0.8826679143273031,0.8577171645208895,1.0,1.0,0.11904761904761904,0.13953488372093023,1.0,1.0,0.45454545454545453,0.8571428571428571,1.0,1.0,0.18867924528301885,0.24,1.0,1.0
xgbclassifier,13.6961829662323,13.810224533081055,1.1143608093261719,1.0500545501708984,0.918,0.92,1.0,1.0,0.8703992514036182,0.8563940766373213,1.0,1.0,0.21428571428571427,0.09302325581395349,1.0,1.0,0.5294117647058824,0.8,1.0,1.0,0.30508474576271183,0.16666666666666666,1.0,1.0
randomforestclassifier,2.189044713973999,2.378957748413086,0.568352222442627,0.45797300338745117,0.92,0.922,1.0,1.0,0.8518402994385528,0.8039794412498092,1.0,0.9999999999999999,0.14285714285714285,0.16279069767441862,1.0,1.0,0.6,0.7,1.0,1.0,0.23076923076923073,0.2641509433962264,1.0,1.0
logisticregression,1.3085832595825195,0.945683479309082,0.17196345329284668,0.20435070991516113,0.86,0.89,1.0,1.0,0.6729049698482013,0.6719759808661137,1.0,1.0,0.2619047619047619,0.27906976744186046,1.0,1.0,0.22,0.3333333333333333,1.0,1.0,0.2391304347826087,0.3037974683544304,1.0,1.0
kneighborsclassifier,0.5311756134033203,0.5262272357940674,4.370356321334839,4.726337432861328,0.916,0.914,0.918,0.92,0.6085204824287793,0.5837107526334538,0.9307923260902753,0.9457267623206488,0.0,0.0,0.09302325581395349,0.047619047619047616,0.0,0.0,0.6666666666666666,1.0,0.0,0.0,0.16326530612244897,0.0909090909090909
